analysis_block,component,tissue,gene,n_overlap,mean_NES,median_NES,n_pos,n_neg,sign_coherence
all_components_primary,0,Whole_Blood,MICA,1,-0.159151,-0.159151,0,1,1.0
all_components_primary,0,Whole_Blood,MICB,7,0.0904195714285714,0.136357,6,1,0.7142857142857143
all_components_primary,0,Whole_Blood,HLA-B,55,0.1165850909090909,0.16118,45,10,0.6363636363636364
all_components_primary,0,Whole_Blood,HLA-C,97,0.29455406185567,0.36221,86,11,0.7731958762886598
all_components_primary,0,Whole_Blood,HCG27,278,0.1326719762589928,0.149235,278,0,1.0
all_components_primary,1,Whole_Blood,MICA,3,0.00916,0.150796,2,1,0.3333333333333333
all_components_primary,1,Whole_Blood,MICB,171,-0.1759664385964912,-0.150406,0,171,1.0
all_components_primary,1,Whole_Blood,HLA-B,319,0.2027013473354231,0.181314,319,0,1.0
all_components_primary,1,Whole_Blood,HLA-C,211,0.0750057725118483,0.162119,145,66,0.3744075829383886
all_components_primary,1,Whole_Blood,HCG27,45,0.1158344355555555,0.101925,45,0,1.0
all_components_primary,2,Whole_Blood,MICA,133,0.2038778120300751,0.179743,132,1,0.9849624060150376
all_components_primary,2,Whole_Blood,MICB,24,0.1585500416666666,0.169624,24,0,1.0
all_components_primary,2,Whole_Blood,HLA-B,18,-0.0148887222222222,-0.105427,7,11,0.2222222222222222
all_components_primary,2,Whole_Blood,HLA-C,97,-0.1508796701030927,-0.175935,9,88,0.8144329896907216
all_components_primary,2,Whole_Blood,HCG27,20,0.0845141599999999,0.0874459,19,1,0.9
all_components_primary,3,Whole_Blood,MICA,58,-0.3850354827586207,-0.410815,1,57,0.9655172413793104
all_components_primary,3,Whole_Blood,MICB,23,0.128201652173913,0.138692,22,1,0.9130434782608696
all_components_primary,3,Whole_Blood,HLA-B,137,-0.0305869744525547,0.0996525,73,64,0.0656934306569343
all_components_primary,3,Whole_Blood,HLA-C,81,-0.1904842592592592,-0.177254,4,77,0.9012345679012346
all_components_primary,3,Whole_Blood,HCG27,167,0.1148456107784431,0.09665,167,0,1.0
all_components_primary,4,Whole_Blood,MICA,175,-0.3645817257142857,-0.350754,0,175,1.0
all_components_primary,4,Whole_Blood,MICB,121,-0.1247393305785123,-0.201186,23,98,0.6198347107438017
all_components_primary,4,Whole_Blood,HLA-B,184,0.1476455358695652,0.172884,183,1,0.9891304347826086
all_components_primary,4,Whole_Blood,HLA-C,194,0.0501172422680412,0.2017689999999999,123,71,0.268041237113402
all_components_primary,4,Whole_Blood,HCG27,178,0.120807415730337,0.0999618,178,0,1.0
all_components_primary,5,Whole_Blood,MICB,131,0.143529,0.144331,131,0,1.0
all_components_primary,5,Whole_Blood,HLA-B,229,0.1451241030567685,0.157607,229,0,1.0
all_components_primary,5,Whole_Blood,HLA-C,296,-0.2498140878378378,-0.238051,0,296,1.0
all_components_primary,5,Whole_Blood,HCG27,200,0.1680158455,0.1804955,200,0,1.0
all_components_primary,6,Whole_Blood,MICA,297,-0.3489905521885522,-0.350754,0,297,1.0
all_components_primary,6,Whole_Blood,MICB,96,-0.1923731770833333,-0.201186,1,95,0.9791666666666666
all_components_primary,6,Whole_Blood,HLA-B,254,0.14527233503937,0.156777,254,0,1.0
all_components_primary,6,Whole_Blood,HLA-C,164,0.1901529085365853,0.203963,164,0,1.0
all_components_primary,6,Whole_Blood,HCG27,209,0.1060211837320574,0.0957,209,0,1.0
all_components_primary,7,Whole_Blood,MICB,105,0.1579051238095238,0.172791,105,0,1.0
all_components_primary,7,Whole_Blood,HLA-B,221,0.1509417674208145,0.159733,215,6,0.9457013574660632
all_components_primary,7,Whole_Blood,HLA-C,223,-0.1805446008968609,-0.211805,7,216,0.937219730941704
all_components_primary,7,Whole_Blood,HCG27,210,0.1768220504761905,0.1799525,210,0,1.0
all_components_primary,0,Liver,MICA,1,-0.279938,-0.279938,0,1,1.0
all_components_primary,0,Liver,MICB,2,0.4189945,0.4189945,2,0,1.0
all_components_primary,0,Liver,HLA-B,0,,,0,0,
all_components_primary,0,Liver,HLA-C,95,-0.4536877894736843,-0.474994,2,93,0.9578947368421052
all_components_primary,0,Liver,HCG27,113,0.3369941592920353,0.338436,113,0,1.0
all_components_primary,1,Liver,MICA,3,-0.342052,-0.288591,0,3,1.0
all_components_primary,1,Liver,MICB,0,,,0,0,
all_components_primary,1,Liver,HLA-B,190,0.3636863368421053,0.385972,190,0,1.0
all_components_primary,1,Liver,HLA-C,137,0.2067871386861313,0.433791,94,43,0.3722627737226277
all_components_primary,1,Liver,HCG27,65,0.3158239538461538,0.305655,65,0,1.0
all_components_primary,2,Liver,MICA,12,-0.2928891666666666,-0.2920295,0,12,1.0
all_components_primary,2,Liver,MICB,1,0.320753,0.320753,1,0,1.0
all_components_primary,2,Liver,HLA-B,2,0.3207245,0.3207245,2,0,1.0
all_components_primary,2,Liver,HLA-C,10,-0.4665714,-0.5138925,1,9,0.8
all_components_primary,2,Liver,HCG27,3,0.3437056666666667,0.333059,3,0,1.0
all_components_primary,3,Liver,MICA,56,-0.5245157678571428,-0.530416,0,56,1.0
all_components_primary,3,Liver,MICB,21,0.480651238095238,0.487792,21,0,1.0
all_components_primary,3,Liver,HLA-B,0,,,0,0,
all_components_primary,3,Liver,HLA-C,86,-0.578783488372093,-0.592395,0,86,1.0
all_components_primary,3,Liver,HCG27,36,0.3468527222222222,0.34294,36,0,1.0
all_components_primary,4,Liver,MICA,178,-0.4445335393258427,-0.4119675,0,178,1.0
all_components_primary,4,Liver,MICB,65,0.6110300461538462,0.602204,65,0,1.0
all_components_primary,4,Liver,HLA-B,0,,,0,0,
all_components_primary,4,Liver,HLA-C,72,-0.6437796527777778,-0.593932,0,72,1.0
all_components_primary,4,Liver,HCG27,59,0.3578339322033898,0.34294,59,0,1.0
all_components_primary,5,Liver,MICA,0,,,0,0,
all_components_primary,5,Liver,MICB,0,,,0,0,
all_components_primary,5,Liver,HLA-B,52,0.2586586346153846,0.264448,52,0,1.0
all_components_primary,5,Liver,HLA-C,273,-0.6214670183150183,-0.634795,0,273,1.0
all_components_primary,5,Liver,HCG27,228,0.4654048508771929,0.522004,228,0,1.0
all_components_primary,6,Liver,MICA,296,-0.4523714594594594,-0.416606,0,296,1.0
all_components_primary,6,Liver,MICB,0,,,0,0,
all_components_primary,6,Liver,HLA-B,0,,,0,0,
all_components_primary,6,Liver,HLA-C,27,-0.4687310370370371,-0.474994,0,27,1.0
all_components_primary,6,Liver,HCG27,26,0.3359161923076923,0.338436,26,0,1.0
all_components_primary,7,Liver,MICA,1,-0.236066,-0.236066,0,1,1.0
all_components_primary,7,Liver,MICB,16,0.3842303125,0.379348,16,0,1.0
all_components_primary,7,Liver,HLA-B,54,0.2784922777777778,0.264448,54,0,1.0
all_components_primary,7,Liver,HLA-C,209,-0.5920604258373205,-0.634795,5,204,0.9521531100478468
all_components_primary,7,Liver,HCG27,206,0.5213922912621358,0.529952,206,0,1.0
c5_cross_tissue_replication,5,Cells_EBV-transformed_lymphocytes,HLA-B,0,,,0,0,
c5_cross_tissue_replication,5,Cells_EBV-transformed_lymphocytes,HLA-C,225,-0.5355870622222221,-0.544909,0,225,1.0
c5_cross_tissue_replication,5,Cells_EBV-transformed_lymphocytes,MICB,0,,,0,0,
c5_cross_tissue_replication,5,Lung,HLA-B,220,0.122973454090909,0.126653,220,0,1.0
c5_cross_tissue_replication,5,Lung,HLA-C,304,-0.4526758453947367,-0.47696,0,304,1.0
c5_cross_tissue_replication,5,Lung,MICB,0,,,0,0,
c5_cross_tissue_replication,5,Skin_Sun_Exposed_Lower_leg,HLA-B,286,0.1936373391608391,0.206429,286,0,1.0
c5_cross_tissue_replication,5,Skin_Sun_Exposed_Lower_leg,HLA-C,304,-0.4527967730263157,-0.47401,0,304,1.0
c5_cross_tissue_replication,5,Skin_Sun_Exposed_Lower_leg,MICB,9,-0.2102112222222222,-0.203809,0,9,1.0
