component,test_set,n_top,obs_overlap,matched_mean,matched_sd,fold_vs_matched,z_score,empirical_p,empirical_p_reported
0,r_flip,355,191,170.9561,8.358299635093253,1.1172458894417925,2.3980834470020023,0.0091,0.0091
0,C_flip,355,205,236.0919,8.140150759660413,0.868305943575362,-3.819572992932761,1.0,1.0000
0,class_flip,355,4,14.9748,3.1917965098044707,0.2671154205732297,-3.438439752123269,1.0,1.0000
0,MICA,355,1,17.6804,3.1841570061791864,0.0565598063392231,-5.238560776880648,1.0,1.0000
0,MICB,355,7,36.5908,5.165477263525607,0.1913049181761535,-5.728570370243642,1.0,1.0000
0,HLA-B,355,55,118.4893,8.125471402324914,0.4641769341197897,-7.813614356187879,1.0,1.0000
0,HLA-C,355,97,70.3533,6.080055847605349,1.3787555096917985,4.38264066447595,0.0001,0.0001
1,r_flip,355,239,225.6966,8.01032761127783,1.0589437324266295,1.660781012410779,0.055,0.0550
1,C_flip,355,250,239.7924,8.023447029799598,1.0425684884091406,1.2722212737353822,0.1102,0.1102
1,class_flip,355,1,36.2961,4.773806111479602,0.0275511694093855,-7.393702043139801,1.0,1.0000
1,MICA,355,3,25.1887,3.746317166231391,0.1191010254598292,-5.922803386751349,1.0,1.0000
1,MICB,355,171,86.9687,7.207587690066629,1.9662246302405348,11.658727387501711,0.0,<1e-04
1,HLA-B,355,319,109.788,7.626129817935176,2.905599883411666,27.43357443351856,0.0,<1e-04
1,HLA-C,355,211,161.732,8.088212163389386,1.3046274083050973,6.091333783627421,0.0,<1e-04
2,r_flip,355,99,106.7265,6.796521003425208,0.9276046717544376,-1.1368316225471995,0.8883,0.8883
2,C_flip,355,186,172.006,7.130214863522697,1.081357627059521,1.9626337028904397,0.0291,0.0291
2,class_flip,355,83,67.3557,5.754092240310368,1.2322639360885568,2.718812863374635,0.0041,0.0041
2,MICA,355,133,97.1076,6.460620886571197,1.369614736642652,5.555565112109361,0.0,<1e-04
2,MICB,355,24,30.0123,4.4995942828215085,0.7996721344248858,-1.336187136461098,0.9325,0.9325
2,HLA-B,355,18,70.1093,6.2374156114531925,0.2567419728909003,-8.354309420125299,1.0,1.0000
2,HLA-C,355,97,101.3665,6.899375170984689,0.9569236384801684,-0.6328833976681412,0.7626,0.7626
3,r_flip,355,269,183.4192,7.890720585599265,1.4665858317995064,10.845752180882798,0.0,<1e-04
3,C_flip,355,306,248.5232,7.915292904245553,1.231273378099107,7.261487438976638,0.0,<1e-04
3,class_flip,355,3,31.4559,4.624960020367744,0.0953716154997949,-6.152680212301033,1.0,1.0000
3,MICA,355,58,60.7837,5.223630376471903,0.9542031827611678,-0.532905240106239,0.7348,0.7348
3,MICB,355,23,35.8037,5.0713870203328,0.6423917081195519,-2.524693924692772,0.9962,0.9962
3,HLA-B,355,137,98.1795,7.550581418010139,1.3954033173931422,5.141392145961476,0.0,<1e-04
3,HLA-C,355,81,109.1987,7.5907982656635005,0.7417670723186265,-3.714853038257525,1.0,1.0000
4,r_flip,355,152,137.0549,7.123305832968286,1.109044623723778,2.098056766119835,0.0214,0.0214
4,C_flip,355,183,206.2278,7.701019877912277,0.8873682403633264,-3.016197902127346,0.999,0.9990
4,class_flip,355,118,65.613,5.651480425516839,1.7984240927864903,9.269606555384842,0.0,<1e-04
4,MICA,355,175,106.7102,6.198017099040628,1.6399556930827606,11.018007680322528,0.0,<1e-04
4,MICB,355,121,63.1736,5.875190468401854,1.91535704788076,9.84247239489577,0.0,<1e-04
4,HLA-B,355,184,126.5343,7.969756803692318,1.4541511669167964,7.210470961093398,0.0,<1e-04
4,HLA-C,355,194,149.8831,7.75229220231023,1.2943420572432782,5.690820063110222,0.0,<1e-04
5,r_flip,355,293,209.0605,7.772917068256937,1.401508175862968,10.798970227379938,0.0,<1e-04
5,C_flip,355,310,222.5691,7.774189680603375,1.3928258684606265,11.246303935462285,0.0,<1e-04
5,class_flip,355,0,19.4352,3.657048121094389,0.0,-5.3144501675804925,1.0,1.0000
5,MICA,355,0,5.3409,1.94321568283091,0.0,-2.7484854343184826,1.0,1.0000
5,MICB,355,131,106.7653,7.261240659143588,1.2269904172985042,3.3375425960414757,0.0006,0.0006
5,HLA-B,355,229,143.9641,7.81789045651063,1.5906743417282505,10.877090242315084,0.0,<1e-04
5,HLA-C,355,296,187.8255,8.126109139680565,1.5759308507098344,13.311967405381452,0.0,<1e-04
6,r_flip,355,26,84.9383,6.765891893165305,0.3061045488313281,-8.711091003321771,1.0,1.0000
6,C_flip,355,178,197.128,7.343760344673566,0.902966600381478,-2.604660160768119,0.9975,0.9975
6,class_flip,355,146,78.3615,6.094490770359736,1.863159842524709,11.098302146744828,0.0,<1e-04
6,MICA,355,297,152.6237,7.455071985567947,1.9459625208928888,19.36618456260299,0.0,<1e-04
6,MICB,355,96,52.9091,5.145370461881243,1.8144326779325293,8.374693390735011,0.0,<1e-04
6,HLA-B,355,254,126.0394,7.674766943692818,2.015242852631796,16.67289716271567,0.0,<1e-04
6,HLA-C,355,164,149.3914,7.65459378674009,1.0977874228369235,1.9084748854088376,0.0327,0.0327
7,r_flip,355,273,187.1444,7.944793807267751,1.45876659948147,10.806523376536328,0.0,<1e-04
7,C_flip,355,273,212.1549,7.875855889362121,1.2867956384698165,7.725522261292664,0.0,<1e-04
7,class_flip,355,0,23.2018,3.8550585935884296,0.0,-6.018533684180119,1.0,1.0000
7,MICA,355,0,6.7791,2.164740905974662,0.0,-3.1315987891621373,1.0,1.0000
7,MICB,355,105,95.4766,6.9512482648802,1.0997459063267858,1.3700273155420273,0.0983,0.0983
7,HLA-B,355,221,155.8484,7.985938732547351,1.4180447152489215,8.15828948630288,0.0,<1e-04
7,HLA-C,355,223,159.5076,7.770877829434716,1.3980525065890277,8.170556968416358,0.0,<1e-04
