paper,year,cohort,disease,allele_notation_used,risk_allele_as_reported,risk_allele_forward_grch38,effect_OR,effect_p,build_cited,verification_status,notes
dbSNP,2026,canonical,reference,C/T (forward),C (ref); T global minor ~0.43,T,n/a,n/a,GRCh38 (NC_000006.12),verified_from_dbSNP,multi-allelic site C>A/G/T but biallelic C/T in practice
Kumar 2011 Nat Genet,2011,BioBank Japan + UTokyo,HCV-HCC,A/G (Illumina reverse),A,T,1.39,4.21e-13,NCBI Build 36,verified_from_PDF,Illumina HumanHap arrays put rs2596542 on reverse strand; risk A = forward T; A LD with VNTR A5.1 (A9+A4); sMICA lower in risk carriers
Lange 2013 J Hepatol,2013,Swiss Hepatitis C Cohort Study,HCV-HCC,A/G (reverse — same as Kumar),G (= forward C),C,inverse vs Kumar (text: 'protective impact... inverse association'),text_only,GRCh37,verified_from_PDF,**EFFECT-DIRECTION FLIP CONFIRMED**: minor A protective in Swiss EUR vs risk in JPN. Lange explicitly proposes signed-correlation mechanism: rs9275572 r=+0.27 JPT vs −0.12 CEU; rs2244546 r=+0.59 JPT vs −0.19 CEU. Methods explicitly: 'sign of correlation strictly kept since SNPs can have same r² in CEU and JPT but correlation may be of opposite sign'. Identifies rs2244546 in HCP5 as better tag with consistent direction.
Huang 2019 BMC Med Genet,2019,meta (8 HCV + 3 HBV studies),mixed HCC,C/T (forward),T (TT genotype),T,1.326 HCV; 1.133 HBV; 1.273 Asian; 1.065 EUR,0.003 HCV; 0.591 HBV; 0.048 Asian; 0.684 EUR,n/a,verified_via_WebFetch,PMC6697945; pooled Kumar 2011 + Lo 2013 + Lange 2013 + Burza 2016 + Mohamed 2017 + Huang 2017 + Augello 2018 + Hai 2017 (HCV); Tong 2013 + Chen 2013 + Kumar 2012 (HBV). EUR null appears to be averaging-out of Lange-style sign flips across primary cohorts.
Chen 2019,2019,meta (11 studies),mixed HCC,G/A (reverse),A (AA genotype risk; GG protective),T,0.707 GG vs AA HCV; 0.967 GG vs AA HBV; 0.729 Asian; 1.287 EUR,0.018 HCV; 0.890 HBV; 0.024 Asian; 0.291 EUR,n/a,verified_via_WebFetch,PMC6504665; uses G/A reverse strand; same risk allele direction as Kumar after strand harmonisation; EUR OR 1.287 (GG vs AA) suggests reversed direction trend in Europeans (consistent with Lange 2013).
Sopipong 2013 (KIF1B),2013,Thai HBV,HBV-HCC,n/a (different SNP),n/a,n/a,n/a,n/a,n/a,not_applicable,The PDF '~/OneDrive/Documents/APJCP_Volume 14_Issue 5_Pages 2865-2869.pdf' is on KIF1B rs17401966 not on MICA rs2596542 — IRRELEVANT to this mapping.
Tanikawa 2013,2013,Japanese,HCV-HCC,TBD,TBD,TBD,TBD,TBD,TBD,PDF_needed,
Mocci/Augello 2018,2018,Sicilian,HCV-HCC,TBD,TBD,TBD,TBD,TBD,TBD,PDF_needed,included in Huang 2019 meta-analysis
Kumar 2012,2012,BioBank Japan,HBV-HCC,TBD,TBD,TBD,TBD,TBD,TBD,PDF_needed,included in Huang 2019 meta-analysis (HBV stratum)
Lo 2013,2013,HCV cirrhotic non-SVR,HCV-HCC progression,TBD,A (per abstract),T (likely),TBD,TBD,TBD,abstract_only,included in Huang 2019 meta-analysis
Sopipong 2013 (MICA),2013,Thai,HCV-HCC,TBD,TBD,TBD,TBD,TBD,TBD,PDF_still_needed,distinct from KIF1B paper above
